!!SBtab TableName='Reaction' TableType='Reaction' Document='E. coli central carbon metabolism - balanced parameters' SBtabVersion='1.0'							
!ID	!ReactionFormula	!Identifiers:kegg.reaction	!IsReversible	!Gene	!NameForPlots		
PTS_RPTSsy	D_Glucose + Phosphoenolpyruvate <=> Pyruvate + D_Glucose_6_phosphate	RPTSsy	True	PTS	pts		
PGI_R02740	D_Glucose_6_phosphate <=> D_Fructose_6_phosphate	R02740	True	PGI	pgi		
PFK_R04779	ATP + D_Fructose_6_phosphate <=> ADP + D_Fructose_1_6_bisphosphate	R04779	True	PFK	pfk		
ALD_R01070	D_Fructose_1_6_bisphosphate <=> Glycerone_phosphate + D_Glyceraldehyde_3_phosphate	R01070	True	FBA	fba		
TIM_R01015	Glycerone_phosphate <=> D_Glyceraldehyde_3_phosphate	R01015	True	TPI	tpi		
GAP_R01061	Orthophosphate + NADplus + D_Glyceraldehyde_3_phosphate <=> NADH + _3_Phospho_D_glyceroyl_phosphate	R01061	True	GAP	gap		
PGK_R01512	ADP + _3_Phospho_D_glyceroyl_phosphate <=> ATP + _3_Phospho_D_glycerate	R01512	True	PGK	pgk		
PGM_R01518	_3_Phospho_D_glycerate <=> _2_Phospho_D_glycerate	R01518	True	GPM	gpm		
PGH_R00658	_2_Phospho_D_glycerate <=> Phosphoenolpyruvate	R00658	True	ENO	eno		
PYK_R00200	ADP + Phosphoenolpyruvate <=> Pyruvate + ATP	R00200	True	PYK	pyk		
PDH_R00209	Pyruvate + NADplus + CoA <=> Acetyl_CoA + NADH + CO2	R00209	True	PDH	pdh		
ZWF_R00835	NADPplus + D_Glucose_6_phosphate <=> NADPH + D_Glucono_1_5_lactone_6_phosphate	R00835	True	ZWF	zwf		
GLH_R02035	D_Glucono_1_5_lactone_6_phosphate <=> _6_Phospho_D_gluconate	R02035	True	PGL	pgl		
PGD_R01528	_6_Phospho_D_gluconate + NADPplus <=> NADPH + D_Ribulose_5_phosphate + CO2	R01528	True	GND	gnd		
RPI_R01056	D_Ribulose_5_phosphate <=> D_Ribose_5_phosphate	R01056	True	RPI	rpi		
RPE_R01529	D_Ribulose_5_phosphate <=> D_Xylulose_5_phosphate	R01529	True	RPE	rpe		
TXT_R01641	D_Xylulose_5_phosphate + D_Ribose_5_phosphate <=> D_Glyceraldehyde_3_phosphate + Sedoheptulose_7_phosphate	R01641	True	TKT1	tkt1		
TAL_R08575	D_Glyceraldehyde_3_phosphate + Sedoheptulose_7_phosphate <=> D_Erythrose_4_phosphate + D_Fructose_6_phosphate	R08575	True	TAL	tal		
TXT_R01067	D_Erythrose_4_phosphate + D_Xylulose_5_phosphate <=> D_Glyceraldehyde_3_phosphate + D_Fructose_6_phosphate	R01067	True	TKT2	tkt2		
FBP_R00762	D_Fructose_1_6_bisphosphate <=> Orthophosphate + D_Fructose_6_phosphate	R00762	True	FBP	fbp		
CSN_R00351	Acetyl_CoA + Oxaloacetate <=> CoA + Citrate	R00351	True	CSN	csn		
ACN_R01325	Citrate <=> cis_Aconitate	R01325	True	ACN1	acn1		
ACN_R01900	cis_Aconitate <=> Isocitrate	R01900	True	ACN2	acn2		
ICD_R00709	NADplus + Isocitrate <=> NADH + _2_Oxoglutarate + CO2	R00709	True	ICD	icd		
KGD_R08549	NADplus + _2_Oxoglutarate + CoA <=> NADH + CO2 + Succinyl_CoA	R08549	True	KGD	kgd		
SCS_R00405	Orthophosphate + ADP + Succinyl_CoA <=> ATP + CoA + Succinate	R00405	True	SCS	scs		
SDH_R02164	Ubiquinone + Succinate <=> Fumarate + Ubiquinol	R02164	True	SDH	sdh		
FUM_R01082	Fumarate <=> _S__Malate	R01082	True	FUM	fum		
MDH_R00342	_S__Malate + NADplus <=> NADH + Oxaloacetate	R00342	True	MDH	mdh		
PPC_R00345	Orthophosphate + Oxaloacetate <=> CO2 + Phosphoenolpyruvate	R00345	True	PPC	ppc		
%							
!!SBtab TableName='Compound' TableType='Compound' Document='E. coli central carbon metabolism - balanced parameters' SBtabVersion='1.0'							
!ID	!Name	!Identifiers:kegg.compound	!IsConstant	!NameForPlots			
_S__Malate	(S)-Malate	C00149	False	(S)-Malate			
Acetyl_CoA	Acetyl-CoA	C00024	False	Acetyl-CoA			
Fumarate	Fumarate	C00122	False	Fumarate			
cis_Aconitate	cis-Aconitate	C00417	False	cis-Aconitate			
_6_Phospho_D_gluconate	6-Phospho-D-gluconate	C00345	False	6-Phospho-D-gluconate			
Orthophosphate	Orthophosphate	C00009	True	Orthophosphate			
Pyruvate	Pyruvate	C00022	False	Pyruvate			
NADPplus	NADP+	C00006	True	NADP+			
NADPH	NADPH	C00005	True	NADPH			
NADH	NADH	C00004	True	NADH			
NADplus	NAD+	C00003	True	NAD+			
ATP	ATP	C00002	True	ATP			
H2O	H2O	C00001	True	H2O			
_2_Oxoglutarate	2-Oxoglutarate	C00026	False	2-Oxoglutarate			
Oxaloacetate	Oxaloacetate	C00036	True	Oxaloacetate			
Ubiquinone	Ubiquinone	C00399	True	Ubiquinone			
D_Erythrose_4_phosphate	D-Erythrose 4-phosphate	C00279	False	D-Erythrose 4-phosphate			
Ubiquinol	Ubiquinol	C00390	True	Ubiquinol			
ADP	ADP	C00008	True	ADP			
Isocitrate	Isocitrate	C00311	False	Isocitrate			
D_Ribulose_5_phosphate	D-Ribulose 5-phosphate	C00199	False	D-Ribulose 5-phosphate			
D_Xylulose_5_phosphate	D-Xylulose 5-phosphate	C00231	False	D-Xylulose 5-phosphate			
D_Glucose_6_phosphate	D-Glucose 6-phosphate	C00092	True	D-Glucose 6-phosphate			
_3_Phospho_D_glyceroyl_phosphate	3-Phospho-D-glyceroyl phosphate	C00236	False	3-Phospho-D-glyceroyl phosphate			
CoA	CoA	C00010	False	CoA			
CO2	CO2	C00011	True	CO2			
D_Ribose_5_phosphate	D-Ribose 5-phosphate	C00117	False	D-Ribose 5-phosphate			
Glycerone_phosphate	Glycerone phosphate	C00111	False	Glycerone phosphate			
D_Glucose	D-Glucose	C00031	True	D-Glucose			
D_Fructose_1_6_bisphosphate	D-Fructose 1,6-bisphosphate	C00354	True	D-Fructose 1,6-bisphosphate			
D_Glyceraldehyde_3_phosphate	D-Glyceraldehyde 3-phosphate	C00118	True	D-Glyceraldehyde 3-phosphate			
Phosphoenolpyruvate	Phosphoenolpyruvate	C00074	True	Phosphoenolpyruvate			
Citrate	Citrate	C00158	False	Citrate			
Succinyl_CoA	Succinyl-CoA	C00091	False	Succinyl-CoA			
_3_Phospho_D_glycerate	3-Phospho-D-glycerate	C00197	False	3-Phospho-D-glycerate			
D_Glucono_1_5_lactone_6_phosphate	D-Glucono-1,5-lactone 6-phosphate	C01236	False	D-Glucono-1,5-lactone 6-phosphate			
D_Fructose_6_phosphate	D-Fructose 6-phosphate	C00085	True	D-Fructose 6-phosphate			
_2_Phospho_D_glycerate	2-Phospho-D-glycerate	C00631	False	2-Phospho-D-glycerate			
Succinate	Succinate	C00042	False	Succinate			
Sedoheptulose_7_phosphate	Sedoheptulose 7-phosphate	C05382	False	Sedoheptulose 7-phosphate			
%							
!!SBtab TableName='Parameter' TableType='Quantity' Document='E. coli central carbon metabolism - balanced parameters' SBtabVersion='1.0'							
!QuantityType	!Reaction	!Compound	!Value	!Unit	!Reaction:Identifiers:kegg.reaction	!Compound:Identifiers:kegg.compound	!ID
equilibrium constant	PTS_RPTSsy		57262180	dimensionless	RPTSsy		kEQ_R1
equilibrium constant	PGI_R02740		0.36350845	dimensionless	R02740		kEQ_R2
equilibrium constant	PFK_R04779		1764.8694	dimensionless	R04779		kEQ_R3
equilibrium constant	ALD_R01070		0.1889019	dimensionless	R01070		kEQ_R4
equilibrium constant	TIM_R01015		0.10733371	dimensionless	R01015		kEQ_R5
equilibrium constant	GAP_R01061		0.00035180468	dimensionless	R01061		kEQ_R6
equilibrium constant	PGK_R01512		1883.7133	dimensionless	R01512		kEQ_R7
equilibrium constant	PGM_R01518		0.1881272	dimensionless	R01518		kEQ_R8
equilibrium constant	PGH_R00658		5.202263	dimensionless	R00658		kEQ_R9
equilibrium constant	PYK_R00200		22335.814	dimensionless	R00200		kEQ_R10
equilibrium constant	PDH_R00209		1670759.5	dimensionless	R00209		kEQ_R11
equilibrium constant	ZWF_R00835		12.916734	dimensionless	R00835		kEQ_R12
equilibrium constant	GLH_R02035		20744.52	dimensionless	R02035		kEQ_R13
equilibrium constant	PGD_R01528		12.330424	dimensionless	R01528		kEQ_R14
equilibrium constant	RPI_R01056		2.264296	dimensionless	R01056		kEQ_R15
equilibrium constant	RPE_R01529		3.9024941	dimensionless	R01529		kEQ_R16
equilibrium constant	TXT_R01641		4.7316932	dimensionless	R01641		kEQ_R17
equilibrium constant	TAL_R08575		1.3194676	dimensionless	R08575		kEQ_R18
equilibrium constant	TXT_R01067		59.621212	dimensionless	R01067		kEQ_R19
equilibrium constant	FBP_R00762		49007.074	dimensionless	R00762		kEQ_R20
equilibrium constant	CSN_R00351		5416526.4	dimensionless	R00351		kEQ_R21
equilibrium constant	ACN_R01325		0.034861263	dimensionless	R01325		kEQ_R22
equilibrium constant	ACN_R01900		1.3190958	dimensionless	R01900		kEQ_R23
equilibrium constant	ICD_R00709		100.21644	dimensionless	R00709		kEQ_R24
equilibrium constant	KGD_R08549		92567.323	dimensionless	R08549		kEQ_R25
equilibrium constant	SCS_R00405		0.58290233	dimensionless	R00405		kEQ_R26
equilibrium constant	SDH_R02164		6026.7581	dimensionless	R02164		kEQ_R27
equilibrium constant	FUM_R01082		4.014828	dimensionless	R01082		kEQ_R28
equilibrium constant	MDH_R00342		1.9409761e-05	dimensionless	R00342		kEQ_R29
equilibrium constant	PPC_R00345		1e-06	dimensionless	R00345		kEQ_R30
catalytic rate constant geometric mean	PTS_RPTSsy		0.12302481	1/s	RPTSsy		kC_R1
catalytic rate constant geometric mean	PGI_R02740		17.663086	1/s	R02740		kC_R2
catalytic rate constant geometric mean	PFK_R04779		12.21798	1/s	R04779		kC_R3
catalytic rate constant geometric mean	ALD_R01070		18.85341	1/s	R01070		kC_R4
catalytic rate constant geometric mean	TIM_R01015		966.53164	1/s	R01015		kC_R5
catalytic rate constant geometric mean	GAP_R01061		170.13953	1/s	R01061		kC_R6
catalytic rate constant geometric mean	PGK_R01512		233.34899	1/s	R01512		kC_R7
catalytic rate constant geometric mean	PGM_R01518		116.3068	1/s	R01518		kC_R8
catalytic rate constant geometric mean	PGH_R00658		55.258345	1/s	R00658		kC_R9
catalytic rate constant geometric mean	PYK_R00200		1.4570624	1/s	R00200		kC_R10
catalytic rate constant geometric mean	PDH_R00209		1.7326652	1/s	R00209		kC_R11
catalytic rate constant geometric mean	ZWF_R00835		308.68672	1/s	R00835		kC_R12
catalytic rate constant geometric mean	GLH_R02035		5.0028768	1/s	R02035		kC_R13
catalytic rate constant geometric mean	PGD_R01528		139.74614	1/s	R01528		kC_R14
catalytic rate constant geometric mean	RPI_R01056		1066.5909	1/s	R01056		kC_R15
catalytic rate constant geometric mean	RPE_R01529		471.85523	1/s	R01529		kC_R16
catalytic rate constant geometric mean	TXT_R01641		33.641037	1/s	R01641		kC_R17
catalytic rate constant geometric mean	TAL_R08575		4.9866199	1/s	R08575		kC_R18
catalytic rate constant geometric mean	TXT_R01067		23.745068	1/s	R01067		kC_R19
catalytic rate constant geometric mean	FBP_R00762		90.239024	1/s	R00762		kC_R20
catalytic rate constant geometric mean	CSN_R00351		66.052801	1/s	R00351		kC_R21
catalytic rate constant geometric mean	ACN_R01325		4.3039403	1/s	R01325		kC_R22
catalytic rate constant geometric mean	ACN_R01900		6.3507311	1/s	R01900		kC_R23
catalytic rate constant geometric mean	ICD_R00709		123.00465	1/s	R00709		kC_R24
catalytic rate constant geometric mean	KGD_R08549		8.1015849	1/s	R08549		kC_R25
catalytic rate constant geometric mean	SCS_R00405		94.769021	1/s	R00405		kC_R26
catalytic rate constant geometric mean	SDH_R02164		82.14368	1/s	R02164		kC_R27
catalytic rate constant geometric mean	FUM_R01082		214.16045	1/s	R01082		kC_R28
catalytic rate constant geometric mean	MDH_R00342		472.06882	1/s	R00342		kC_R29
catalytic rate constant geometric mean	PPC_R00345		739.64871	1/s	R00345		kC_R30
Michaelis constant	FUM_R01082	_S__Malate	0.34018002	mM	R01082	C00149	kM_R28__S__Malate
Michaelis constant	MDH_R00342	_S__Malate	3.4918539	mM	R00342	C00149	kM_R29__S__Malate
Michaelis constant	PDH_R00209	Acetyl_CoA	0.035075591	mM	R00209	C00024	kM_R11_Acetyl_CoA
Michaelis constant	CSN_R00351	Acetyl_CoA	0.016582326	mM	R00351	C00024	kM_R21_Acetyl_CoA
Michaelis constant	SDH_R02164	Fumarate	0.17970009	mM	R02164	C00122	kM_R27_Fumarate
Michaelis constant	FUM_R01082	Fumarate	0.28380395	mM	R01082	C00122	kM_R28_Fumarate
Michaelis constant	ACN_R01325	cis_Aconitate	0.024933946	mM	R01325	C00417	kM_R22_cis_Aconitate
Michaelis constant	ACN_R01900	cis_Aconitate	0.026149431	mM	R01900	C00417	kM_R23_cis_Aconitate
Michaelis constant	GLH_R02035	_6_Phospho_D_gluconate	0.031714953	mM	R02035	C00345	kM_R13__6_Phospho_D_gluconate
Michaelis constant	PGD_R01528	_6_Phospho_D_gluconate	0.019959387	mM	R01528	C00345	kM_R14__6_Phospho_D_gluconate
Michaelis constant	GAP_R01061	Orthophosphate	2.5944385	mM	R01061	C00009	kM_R6_Orthophosphate
Michaelis constant	FBP_R00762	Orthophosphate	0.89180277	mM	R00762	C00009	kM_R20_Orthophosphate
Michaelis constant	SCS_R00405	Orthophosphate	1.6773082	mM	R00405	C00009	kM_R26_Orthophosphate
Michaelis constant	PPC_R00345	Orthophosphate	32.799594	mM	R00345	C00009	kM_R30_Orthophosphate
Michaelis constant	PTS_RPTSsy	Pyruvate	0.19974756	mM	RPTSsy	C00022	kM_R1_Pyruvate
Michaelis constant	PYK_R00200	Pyruvate	0.49619023	mM	R00200	C00022	kM_R10_Pyruvate
Michaelis constant	PDH_R00209	Pyruvate	0.0099181514	mM	R00209	C00022	kM_R11_Pyruvate
Michaelis constant	ZWF_R00835	NADPplus	0.0032168937	mM	R00835	C00006	kM_R12_NADPplus
Michaelis constant	PGD_R01528	NADPplus	0.018865797	mM	R01528	C00006	kM_R14_NADPplus
Michaelis constant	ZWF_R00835	NADPH	0.019160206	mM	R00835	C00005	kM_R12_NADPH
Michaelis constant	PGD_R01528	NADPH	0.00082224236	mM	R01528	C00005	kM_R14_NADPH
Michaelis constant	GAP_R01061	NADH	0.018711118	mM	R01061	C00004	kM_R6_NADH
Michaelis constant	PDH_R00209	NADH	0.17126605	mM	R00209	C00004	kM_R11_NADH
Michaelis constant	ICD_R00709	NADH	0.82539043	mM	R00709	C00004	kM_R24_NADH
Michaelis constant	KGD_R08549	NADH	0.1453439	mM	R08549	C00004	kM_R25_NADH
Michaelis constant	MDH_R00342	NADH	0.0040095463	mM	R00342	C00004	kM_R29_NADH
Michaelis constant	GAP_R01061	NADplus	0.27797681	mM	R01061	C00003	kM_R6_NADplus
Michaelis constant	PDH_R00209	NADplus	0.037834788	mM	R00209	C00003	kM_R11_NADplus
Michaelis constant	ICD_R00709	NADplus	0.064235763	mM	R00709	C00003	kM_R24_NADplus
Michaelis constant	KGD_R08549	NADplus	0.011824429	mM	R08549	C00003	kM_R25_NADplus
Michaelis constant	MDH_R00342	NADplus	0.85677864	mM	R00342	C00003	kM_R29_NADplus
Michaelis constant	PFK_R04779	ATP	0.11886342	mM	R04779	C00002	kM_R3_ATP
Michaelis constant	PGK_R01512	ATP	0.47286638	mM	R01512	C00002	kM_R7_ATP
Michaelis constant	PYK_R00200	ATP	0.40573815	mM	R00200	C00002	kM_R10_ATP
Michaelis constant	SCS_R00405	ATP	0.043972173	mM	R00405	C00002	kM_R26_ATP
Michaelis constant	ICD_R00709	_2_Oxoglutarate	0.82539043	mM	R00709	C00026	kM_R24__2_Oxoglutarate
Michaelis constant	KGD_R08549	_2_Oxoglutarate	2.7562069	mM	R08549	C00026	kM_R25__2_Oxoglutarate
Michaelis constant	CSN_R00351	Oxaloacetate	0.011281792	mM	R00351	C00036	kM_R21_Oxaloacetate
Michaelis constant	MDH_R00342	Oxaloacetate	0.0050262383	mM	R00342	C00036	kM_R29_Oxaloacetate
Michaelis constant	PPC_R00345	Oxaloacetate	32.799594	mM	R00345	C00036	kM_R30_Oxaloacetate
Michaelis constant	SDH_R02164	Ubiquinone	0.021395365	mM	R02164	C00399	kM_R27_Ubiquinone
Michaelis constant	TAL_R08575	D_Erythrose_4_phosphate	0.034117656	mM	R08575	C00279	kM_R18_D_Erythrose_4_phosphate
Michaelis constant	TXT_R01067	D_Erythrose_4_phosphate	0.67093142	mM	R01067	C00279	kM_R19_D_Erythrose_4_phosphate
Michaelis constant	SDH_R02164	Ubiquinol	6.4232868	mM	R02164	C00390	kM_R27_Ubiquinol
Michaelis constant	PFK_R04779	ADP	0.6912555	mM	R04779	C00008	kM_R3_ADP
Michaelis constant	PGK_R01512	ADP	0.16954382	mM	R01512	C00008	kM_R7_ADP
Michaelis constant	PYK_R00200	ADP	0.13187598	mM	R00200	C00008	kM_R10_ADP
Michaelis constant	SCS_R00405	ADP	0.12312173	mM	R00405	C00008	kM_R26_ADP
Michaelis constant	ACN_R01900	Isocitrate	0.12637036	mM	R01900	C00311	kM_R23_Isocitrate
Michaelis constant	ICD_R00709	Isocitrate	1.545005	mM	R00709	C00311	kM_R24_Isocitrate
Michaelis constant	PGD_R01528	D_Ribulose_5_phosphate	0.12868043	mM	R01528	C00199	kM_R14_D_Ribulose_5_phosphate
Michaelis constant	RPI_R01056	D_Ribulose_5_phosphate	1.7484351	mM	R01056	C00199	kM_R15_D_Ribulose_5_phosphate
Michaelis constant	RPE_R01529	D_Ribulose_5_phosphate	0.6329555	mM	R01529	C00199	kM_R16_D_Ribulose_5_phosphate
Michaelis constant	RPE_R01529	D_Xylulose_5_phosphate	0.34599778	mM	R01529	C00231	kM_R16_D_Xylulose_5_phosphate
Michaelis constant	TXT_R01641	D_Xylulose_5_phosphate	0.91820893	mM	R01641	C00231	kM_R17_D_Xylulose_5_phosphate
Michaelis constant	TXT_R01067	D_Xylulose_5_phosphate	0.89469235	mM	R01067	C00231	kM_R19_D_Xylulose_5_phosphate
Michaelis constant	PTS_RPTSsy	D_Glucose_6_phosphate	0.19974756	mM	RPTSsy	C00092	kM_R1_D_Glucose_6_phosphate
Michaelis constant	PGI_R02740	D_Glucose_6_phosphate	0.14668724	mM	R02740	C00092	kM_R2_D_Glucose_6_phosphate
Michaelis constant	ZWF_R00835	D_Glucose_6_phosphate	0.067334198	mM	R00835	C00092	kM_R12_D_Glucose_6_phosphate
Michaelis constant	GAP_R01061	_3_Phospho_D_glyceroyl_phosphate	0.015990522	mM	R01061	C00236	kM_R6__3_Phospho_D_glyceroyl_phosphate
Michaelis constant	PGK_R01512	_3_Phospho_D_glyceroyl_phosphate	0.0019720054	mM	R01512	C00236	kM_R7__3_Phospho_D_glyceroyl_phosphate
Michaelis constant	PDH_R00209	CoA	0.0036437945	mM	R00209	C00010	kM_R11_CoA
Michaelis constant	CSN_R00351	CoA	47.893327	mM	R00351	C00010	kM_R21_CoA
Michaelis constant	KGD_R08549	CoA	0.011824429	mM	R08549	C00010	kM_R25_CoA
Michaelis constant	SCS_R00405	CoA	0.042483789	mM	R00405	C00010	kM_R26_CoA
Michaelis constant	PDH_R00209	CO2	0.17126605	mM	R00209	C00011	kM_R11_CO2
Michaelis constant	PGD_R01528	CO2	20.888747	mM	R01528	C00011	kM_R14_CO2
Michaelis constant	ICD_R00709	CO2	0.82539043	mM	R00709	C00011	kM_R24_CO2
Michaelis constant	KGD_R08549	CO2	0.1453439	mM	R08549	C00011	kM_R25_CO2
Michaelis constant	PPC_R00345	CO2	0.073063367	mM	R00345	C00011	kM_R30_CO2
Michaelis constant	RPI_R01056	D_Ribose_5_phosphate	2.4304426	mM	R01056	C00117	kM_R15_D_Ribose_5_phosphate
Michaelis constant	TXT_R01641	D_Ribose_5_phosphate	0.98778569	mM	R01641	C00117	kM_R17_D_Ribose_5_phosphate
Michaelis constant	ALD_R01070	Glycerone_phosphate	0.13704082	mM	R01070	C00111	kM_R4_Glycerone_phosphate
Michaelis constant	TIM_R01015	Glycerone_phosphate	8.4293614	mM	R01015	C00111	kM_R5_Glycerone_phosphate
Michaelis constant	PTS_RPTSsy	D_Glucose	0.008434282	mM	RPTSsy	C00031	kM_R1_D_Glucose
Michaelis constant	PFK_R04779	D_Fructose_1_6_bisphosphate	0.023897398	mM	R04779	C00354	kM_R3_D_Fructose_1_6_bisphosphate
Michaelis constant	ALD_R01070	D_Fructose_1_6_bisphosphate	0.22893126	mM	R01070	C00354	kM_R4_D_Fructose_1_6_bisphosphate
Michaelis constant	FBP_R00762	D_Fructose_1_6_bisphosphate	0.011324117	mM	R00762	C00354	kM_R20_D_Fructose_1_6_bisphosphate
Michaelis constant	ALD_R01070	D_Glyceraldehyde_3_phosphate	0.11242751	mM	R01070	C00118	kM_R4_D_Glyceraldehyde_3_phosphate
Michaelis constant	TIM_R01015	D_Glyceraldehyde_3_phosphate	0.077346257	mM	R01015	C00118	kM_R5_D_Glyceraldehyde_3_phosphate
Michaelis constant	GAP_R01061	D_Glyceraldehyde_3_phosphate	0.61605753	mM	R01061	C00118	kM_R6_D_Glyceraldehyde_3_phosphate
Michaelis constant	TXT_R01641	D_Glyceraldehyde_3_phosphate	1.7550354	mM	R01641	C00118	kM_R17_D_Glyceraldehyde_3_phosphate
Michaelis constant	TAL_R08575	D_Glyceraldehyde_3_phosphate	0.080200287	mM	R08575	C00118	kM_R18_D_Glyceraldehyde_3_phosphate
Michaelis constant	TXT_R01067	D_Glyceraldehyde_3_phosphate	1.7976784	mM	R01067	C00118	kM_R19_D_Glyceraldehyde_3_phosphate
Michaelis constant	PTS_RPTSsy	Phosphoenolpyruvate	0.008434282	mM	RPTSsy	C00074	kM_R1_Phosphoenolpyruvate
Michaelis constant	PGH_R00658	Phosphoenolpyruvate	0.18037841	mM	R00658	C00074	kM_R9_Phosphoenolpyruvate
Michaelis constant	PYK_R00200	Phosphoenolpyruvate	0.16161018	mM	R00200	C00074	kM_R10_Phosphoenolpyruvate
Michaelis constant	PPC_R00345	Phosphoenolpyruvate	0.14223053	mM	R00345	C00074	kM_R30_Phosphoenolpyruvate
Michaelis constant	CSN_R00351	Citrate	0.0038425509	mM	R00351	C00158	kM_R21_Citrate
Michaelis constant	ACN_R01325	Citrate	0.45513327	mM	R01325	C00158	kM_R22_Citrate
Michaelis constant	KGD_R08549	Succinyl_CoA	0.084004196	mM	R08549	C00091	kM_R25_Succinyl_CoA
Michaelis constant	SCS_R00405	Succinyl_CoA	0.058373574	mM	R00405	C00091	kM_R26_Succinyl_CoA
Michaelis constant	PGK_R01512	_3_Phospho_D_glycerate	0.66336185	mM	R01512	C00197	kM_R7__3_Phospho_D_glycerate
Michaelis constant	PGM_R01518	_3_Phospho_D_glycerate	1.4831479	mM	R01518	C00197	kM_R8__3_Phospho_D_glycerate
Michaelis constant	ZWF_R00835	D_Glucono_1_5_lactone_6_phosphate	0.39993378	mM	R00835	C01236	kM_R12_D_Glucono_1_5_lactone_6_phosphate
Michaelis constant	GLH_R02035	D_Glucono_1_5_lactone_6_phosphate	0.014149222	mM	R02035	C01236	kM_R13_D_Glucono_1_5_lactone_6_phosphate
Michaelis constant	PGI_R02740	D_Fructose_6_phosphate	0.011671977	mM	R02740	C00085	kM_R2_D_Fructose_6_phosphate
Michaelis constant	PFK_R04779	D_Fructose_6_phosphate	0.07319445	mM	R04779	C00085	kM_R3_D_Fructose_6_phosphate
Michaelis constant	TAL_R08575	D_Fructose_6_phosphate	0.45531801	mM	R08575	C00085	kM_R18_D_Fructose_6_phosphate
Michaelis constant	TXT_R01067	D_Fructose_6_phosphate	2.4812815	mM	R01067	C00085	kM_R19_D_Fructose_6_phosphate
Michaelis constant	FBP_R00762	D_Fructose_6_phosphate	0.89180277	mM	R00762	C00085	kM_R20_D_Fructose_6_phosphate
Michaelis constant	PGM_R01518	_2_Phospho_D_glycerate	0.015760576	mM	R01518	C00631	kM_R8__2_Phospho_D_glycerate
Michaelis constant	PGH_R00658	_2_Phospho_D_glycerate	0.42210095	mM	R00658	C00631	kM_R9__2_Phospho_D_glycerate
Michaelis constant	SCS_R00405	Succinate	0.92553406	mM	R00405	C00042	kM_R26_Succinate
Michaelis constant	SDH_R02164	Succinate	0.064672563	mM	R02164	C00042	kM_R27_Succinate
Michaelis constant	TXT_R01641	Sedoheptulose_7_phosphate	1.4588338	mM	R01641	C05382	kM_R17_Sedoheptulose_7_phosphate
Michaelis constant	TAL_R08575	Sedoheptulose_7_phosphate	0.25492261	mM	R08575	C05382	kM_R18_Sedoheptulose_7_phosphate
substrate catalytic rate constant	PTS_RPTSsy		39.309116	1/s	RPTSsy		kcrf_R1
substrate catalytic rate constant	PGI_R02740		37.752679	1/s	R02740		kcrf_R2
substrate catalytic rate constant	PFK_R04779		372.49828	1/s	R04779		kcrf_R3
substrate catalytic rate constant	ALD_R01070		31.586344	1/s	R01070		kcrf_R4
substrate catalytic rate constant	TIM_R01015		3305.6878	1/s	R01015		kcrf_R5
substrate catalytic rate constant	GAP_R01061		122.97348	1/s	R01061		kcrf_R6
substrate catalytic rate constant	PGK_R01512		330.64647	1/s	R01512		kcrf_R7
substrate catalytic rate constant	PGM_R01518		489.36972	1/s	R01518		kcrf_R8
substrate catalytic rate constant	PGH_R00658		192.80128	1/s	R00658		kcrf_R9
substrate catalytic rate constant	PYK_R00200		70.851528	1/s	R00200		kcrf_R10
substrate catalytic rate constant	PDH_R00209		81.64617	1/s	R00209		kcrf_R11
substrate catalytic rate constant	ZWF_R00835		186.52471	1/s	R00835		kcrf_R12
substrate catalytic rate constant	GLH_R02035		481.28879	1/s	R02035		kcrf_R13
substrate catalytic rate constant	PGD_R01528		202.54785	1/s	R01528		kcrf_R14
substrate catalytic rate constant	RPI_R01056		1361.2772	1/s	R01056		kcrf_R15
substrate catalytic rate constant	RPE_R01529		1260.7525	1/s	R01529		kcrf_R16
substrate catalytic rate constant	TXT_R01641		43.554591	1/s	R01641		kcrf_R17
substrate catalytic rate constant	TAL_R08575		6.571292	1/s	R08575		kcrf_R18
substrate catalytic rate constant	TXT_R01067		67.259823	1/s	R01067		kcrf_R19
substrate catalytic rate constant	FBP_R00762		2383.7304	1/s	R00762		kcrf_R20
substrate catalytic rate constant	CSN_R00351		4901.3547	1/s	R00351		kcrf_R21
substrate catalytic rate constant	ACN_R01325		3.4332987	1/s	R01325		kcrf_R22
substrate catalytic rate constant	ACN_R01900		3.3179543	1/s	R01900		kcrf_R23
substrate catalytic rate constant	ICD_R00709		517.31523	1/s	R00709		kcrf_R24
substrate catalytic rate constant	KGD_R08549		1148.6498	1/s	R08549		kcrf_R25
substrate catalytic rate constant	SCS_R00405		191.05105	1/s	R00405		kcrf_R26
substrate catalytic rate constant	SDH_R02164		220.79189	1/s	R02164		kcrf_R27
substrate catalytic rate constant	FUM_R01082		391.94718	1/s	R01082		kcrf_R28
substrate catalytic rate constant	MDH_R00342		801.32482	1/s	R00342		kcrf_R29
substrate catalytic rate constant	PPC_R00345		237.98398	1/s	R00345		kcrf_R30
product catalytic rate constant	PTS_RPTSsy		0.00038502784	1/s	RPTSsy		kcrr_R1
product catalytic rate constant	PGI_R02740		8.2639063	1/s	R02740		kcrr_R2
product catalytic rate constant	PFK_R04779		0.40075092	1/s	R04779		kcrr_R3
product catalytic rate constant	ALD_R01070		11.253315	1/s	R01070		kcrr_R4
product catalytic rate constant	TIM_R01015		282.5988	1/s	R01015		kcrr_R5
product catalytic rate constant	GAP_R01061		235.39596	1/s	R01061		kcrr_R6
product catalytic rate constant	PGK_R01512		164.68269	1/s	R01512		kcrr_R7
product catalytic rate constant	PGM_R01518		27.642234	1/s	R01518		kcrr_R8
product catalytic rate constant	PGH_R00658		15.837471	1/s	R00658		kcrr_R9
product catalytic rate constant	PYK_R00200		0.029964502	1/s	R00200		kcrr_R10
product catalytic rate constant	PDH_R00209		0.036769989	1/s	R00209		kcrr_R11
product catalytic rate constant	ZWF_R00835		510.85722	1/s	R00835		kcrr_R12
product catalytic rate constant	GLH_R02035		0.052003655	1/s	R02035		kcrr_R13
product catalytic rate constant	PGD_R01528		96.416646	1/s	R01528		kcrr_R14
product catalytic rate constant	RPI_R01056		835.69773	1/s	R01056		kcrr_R15
product catalytic rate constant	RPE_R01529		176.59878	1/s	R01529		kcrr_R16
product catalytic rate constant	TXT_R01641		25.983929	1/s	R01641		kcrr_R17
product catalytic rate constant	TAL_R08575		3.7840927	1/s	R08575		kcrr_R18
product catalytic rate constant	TXT_R01067		8.3828387	1/s	R01067		kcrr_R19
product catalytic rate constant	FBP_R00762		3.4161085	1/s	R00762		kcrr_R20
product catalytic rate constant	CSN_R00351		0.89015647	1/s	R00351		kcrr_R21
product catalytic rate constant	ACN_R01325		5.3953658	1/s	R01325		kcrr_R22
product catalytic rate constant	ACN_R01900		12.155618	1/s	R01900		kcrr_R23
product catalytic rate constant	ICD_R00709		29.247437	1/s	R00709		kcrr_R24
product catalytic rate constant	KGD_R08549		0.057141591	1/s	R08549		kcrr_R25
product catalytic rate constant	SCS_R00405		47.009254	1/s	R00405		kcrr_R26
product catalytic rate constant	SDH_R02164		30.560834	1/s	R02164		kcrr_R27
product catalytic rate constant	FUM_R01082		117.01754	1/s	R01082		kcrr_R28
product catalytic rate constant	MDH_R00342		278.10067	1/s	R00342		kcrr_R29
product catalytic rate constant	PPC_R00345		2298.8112	1/s	R00345		kcrr_R30
protein molecular mass	PTS_RPTSsy		255848	Da	RPTSsy		em_1
protein molecular mass	PGI_R02740		61530	Da	R02740		em_2
protein molecular mass	PFK_R04779		139360	Da	R04779		em_3
protein molecular mass	ALD_R01070		39147	Da	R01070		em_4
protein molecular mass	TIM_R01015		53940	Da	R01015		em_5
protein molecular mass	GAP_R01061		35530	Da	R01061		em_6
protein molecular mass	PGK_R01512		41120	Da	R01512		em_7
protein molecular mass	PGM_R01518		28556	Da	R01518		em_8
protein molecular mass	PGH_R00658		45650	Da	R00658		em_9
protein molecular mass	PYK_R00200		50000	Da	R00200		em_10
protein molecular mass	PDH_R00209		282880	Da	R00209		em_11
protein molecular mass	ZWF_R00835		55700	Da	R00835		em_12
protein molecular mass	GLH_R02035		36310	Da	R02035		em_13
protein molecular mass	PGD_R01528		102960	Da	R01528		em_14
protein molecular mass	RPI_R01056		19466	Da	R01056		em_15
protein molecular mass	RPE_R01529		24554	Da	R01529		em_16
protein molecular mass	TXT_R01641		73043	Da	R01641		em_17
protein molecular mass	TAL_R08575		35219	Da	R08575		em_18
protein molecular mass	TXT_R01067		73043	Da	R01067		em_19
protein molecular mass	FBP_R00762		36834	Da	R00762		em_20
protein molecular mass	CSN_R00351		96020	Da	R00351		em_21
protein molecular mass	ACN_R01325		95588	Da	R01325		em_22
protein molecular mass	ACN_R01900		95588	Da	R01900		em_23
protein molecular mass	ICD_R00709		45760	Da	R00709		em_24
protein molecular mass	KGD_R08549		1209180	Da	R08549		em_25
protein molecular mass	SCS_R00405		71170	Da	R00405		em_26
protein molecular mass	SDH_R02164		792299	Da	R02164		em_27
protein molecular mass	FUM_R01082		60000	Da	R01082		em_28
protein molecular mass	MDH_R00342		32337	Da	R00342		em_29
protein molecular mass	PPC_R00345		198120	Da	R00345		em_30
%							
!!SBtab DocumentName='E. coli central carbon metabolism - balanced parameters' TableName='Layout' TableType='Position' SBtabVersion='1.0'							
!Element	!PositionX	!PositionY					
_S__Malate	0.32772	0.095058					
Acetyl_CoA	0.359426	0.22902					
Fumarate	0.362438	-0.001611					
cis_Aconitate	0.561709	0.210402					
_6_Phospho_D_gluconate	0.616335	0.956914					
Orthophosphate	0.056437	0.637639					
Pyruvate	0.352063	0.308997					
NADPplus	0.059533	0.388417					
NADPH	0.061081	0.44724					
NADH	0.059533	0.561789					
NADplus	0.057985	0.506062					
ATP	0.056437	0.698009					
H2O	0.448708	0.128361					
_2_Oxoglutarate	0.643751	0.055607					
Oxaloacetate	0.355831	0.176347					
Ubiquinone	0.331064	-0.009408					
D_Erythrose_4_phosphate	0.503642	0.870531					
Ubiquinol	0.317132	-0.032627					
ADP	0.054889	0.758379					
Isocitrate	0.637559	0.137648					
D_Ribulose_5_phosphate	0.668449	0.871147					
D_Xylulose_5_phosphate	0.60891	0.841377					
D_Glucose_6_phosphate	0.351859	0.965424					
_3_Phospho_D_glyceroyl_phosphate	0.352021	0.64203					
CoA	0.391786	0.278709					
CO2	0.544682	0.123717					
D_Ribose_5_phosphate	0.613611	0.76147					
Glycerone_phosphate	0.267748	0.745939					
D_Glucose	0.110615	0.965805					
D_Fructose_1_6_bisphosphate	0.351859	0.828211					
D_Glyceraldehyde_3_phosphate	0.352021	0.721029					
Phosphoenolpyruvate	0.352007	0.406884					
Citrate	0.445962	0.220921					
Succinyl_CoA	0.586477	-0.018695					
_3_Phospho_D_glycerate	0.352021	0.569228					
D_Glucono_1_5_lactone_6_phosphate	0.493599	0.982833					
D_Fructose_6_phosphate	0.351859	0.895258					
_2_Phospho_D_glycerate	0.352021	0.485582					
Succinate	0.465736	-0.051202					
Sedoheptulose_7_phosphate	0.574673	0.821603					
PTS_RPTSsy	0.181365	0.96522					
PGI_R02740	0.352063	0.923947					
PFK_R04779	0.333521	0.858996					
ALD_R01070	0.352021	0.790734					
TIM_R01015	0.297009	0.716584					
GAP_R01061	0.351954	0.683129					
PGK_R01512	0.352471	0.606396					
PGM_R01518	0.352021	0.524307					
PGH_R00658	0.352007	0.437823					
PYK_R00200	0.352063	0.353918					
PDH_R00209	0.352021	0.265625					
ZWF_R00835	0.428585	0.982833					
GLH_R02035	0.584929	0.973545					
PGD_R01528	0.651221	0.918706					
RPI_R01056	0.663749	0.80064					
RPE_R01529	0.637113	0.860179					
TXT_R01641	0.501711	0.735972					
TAL_R08575	0.566723	0.88656					
TXT_R01067	0.426938	0.837812					
FBP_R00762	0.372405	0.857241					
CSN_R00351	0.392982	0.198019					
ACN_R01325	0.505983	0.224334					
ACN_R01900	0.61434	0.176347					
ICD_R00709	0.645299	0.100497					
KGD_R08549	0.62208	0.016908					
SCS_R00405	0.535394	-0.037271					
SDH_R02164	0.402092	-0.03917					
FUM_R01082	0.340351	0.035483					
MDH_R00342	0.33416	0.140744					
PPC_R00345	0.40095304	0.50690003					
%							
!!SBtab DocumentName='E. coli central carbon metabolism - balanced parameters' TableName='Flux' TableType='Quantity' Unit='mM/s' SBtabVersion='1.0'							
!QuantityType	!Reaction	!Reaction:Identifiers:kegg.reaction	!Value				
flux	PTS_RPTSsy	RPTSsy	0.5691				
flux	PGI_R02740	R02740	0.385				
flux	PFK_R04779	R04779	0.4417				
flux	ALD_R01070	R01070	0.44702				
flux	TIM_R01015	R01015	0.4445				
flux	GAP_R01061	R01061	0.9163				
flux	PGK_R01512	R01512	0.8946				
flux	PGM_R01518	R01518	0.8729				
flux	PGH_R00658	R00658	0.91875				
flux	PYK_R00200	R00200	0.1841				
flux	PDH_R00209	R00209	0.3787				
flux	ZWF_R00835	R00835	0.1813				
flux	GLH_R02035	R02035	0.1568				
flux	PGD_R01528	R01528	0.1323				
flux	RPI_R01056	R01056	0.049933333				
flux	RPE_R01529	R01529	0.077233333				
flux	TXT_R01641	R01641	0.0448				
flux	TAL_R08575	R08575	0.0448				
flux	TXT_R01067	R01067	0.0273				
flux	FBP_R00762	R00762	0				
flux	CSN_R00351	R00351	0.154				
flux	ACN_R01325	R01325	0.154				
flux	ACN_R01900	R01900	0.154				
flux	ICD_R00709	R00709	0.154				
flux	KGD_R08549	R08549	0.0924				
flux	SCS_R00405	R00405	0.1673				
flux	SDH_R02164	R02164	0.0924				
flux	FUM_R01082	R01082	0.0924				
flux	MDH_R00342	R00342	0.0602				
flux	PPC_R00345	R00345	-0.2114				
%							
!!SBtab DocumentName='E. coli central carbon metabolism - balanced parameters' TableName='GibbsEnergyOfReaction' TableType='Quantity' Unit='kJ/mol' StandardConcentration='1mM' SBtabVersion='1.0'							
!QuantityType	!Reaction	!Reaction:Identifiers:kegg.reaction	!Value	!OriginalValue	!ReactionFormula		
standard Gibbs energy of reaction	PTS_RPTSsy	RPTSsy	-44.281981	-44.281981	D_Glucose + Phosphoenolpyruvate <=> Pyruvate + D_Glucose_6_phosphate		
standard Gibbs energy of reaction	PGI_R02740	R02740	2.5085872	2.5085872	D_Glucose_6_phosphate <=> D_Fructose_6_phosphate		
standard Gibbs energy of reaction	PFK_R04779	R04779	-18.532265	-18.532265	ATP + D_Fructose_6_phosphate <=> ADP + D_Fructose_1_6_bisphosphate		
standard Gibbs energy of reaction	ALD_R01070	R01070	4.1312497	4.1312497	D_Fructose_1_6_bisphosphate <=> Glycerone_phosphate + D_Glyceraldehyde_3_phosphate		
standard Gibbs energy of reaction	TIM_R01015	R01015	5.5325669	5.532567	Glycerone_phosphate <=> D_Glyceraldehyde_3_phosphate		
standard Gibbs energy of reaction	GAP_R01061	R01061	19.713742	19.713742	Orthophosphate + NADplus + D_Glyceraldehyde_3_phosphate <=> NADH + _3_Phospho_D_glyceroyl_phosphate		
standard Gibbs energy of reaction	PGK_R01512	R01512	-18.693814	-18.693815	ADP + _3_Phospho_D_glyceroyl_phosphate <=> ATP + _3_Phospho_D_glycerate		
standard Gibbs energy of reaction	PGM_R01518	R01518	4.141437	4.141437	_3_Phospho_D_glycerate <=> _2_Phospho_D_glycerate		
standard Gibbs energy of reaction	PGH_R00658	R00658	-4.0880322	-4.0880322	_2_Phospho_D_glycerate <=> Phosphoenolpyruvate		
standard Gibbs energy of reaction	PYK_R00200	R00200	-24.824142	-24.824142	ADP + Phosphoenolpyruvate <=> Pyruvate + ATP		
standard Gibbs energy of reaction	PDH_R00209	R00209	-35.52045	-35.52045	Pyruvate + NADplus + CoA <=> Acetyl_CoA + NADH + CO2		
standard Gibbs energy of reaction	ZWF_R00835	R00835	-6.3424698	-6.3424698	NADPplus + D_Glucose_6_phosphate <=> NADPH + D_Glucono_1_5_lactone_6_phosphate		
standard Gibbs energy of reaction	GLH_R02035	R02035	-24.640924	-24.640924	D_Glucono_1_5_lactone_6_phosphate <=> _6_Phospho_D_gluconate		
standard Gibbs energy of reaction	PGD_R01528	R01528	-6.2273125	-6.2273125	_6_Phospho_D_gluconate + NADPplus <=> NADPH + D_Ribulose_5_phosphate + CO2		
standard Gibbs energy of reaction	RPI_R01056	R01056	-2.025962	-2.025962	D_Ribulose_5_phosphate <=> D_Ribose_5_phosphate		
standard Gibbs energy of reaction	RPE_R01529	R01529	-3.375387	-3.375387	D_Ribulose_5_phosphate <=> D_Xylulose_5_phosphate		
standard Gibbs energy of reaction	TXT_R01641	R01641	-3.8530008	-3.8530008	D_Xylulose_5_phosphate + D_Ribose_5_phosphate <=> D_Glyceraldehyde_3_phosphate + Sedoheptulose_7_phosphate		
standard Gibbs energy of reaction	TAL_R08575	R08575	-0.68723705	-0.68723705	D_Glyceraldehyde_3_phosphate + Sedoheptulose_7_phosphate <=> D_Erythrose_4_phosphate + D_Fructose_6_phosphate		
standard Gibbs energy of reaction	TXT_R01067	R01067	-10.134004	-10.134004	D_Erythrose_4_phosphate + D_Xylulose_5_phosphate <=> D_Glyceraldehyde_3_phosphate + D_Fructose_6_phosphate		
standard Gibbs energy of reaction	FBP_R00762	R00762	-26.77204	-26.77204	D_Fructose_1_6_bisphosphate <=> Orthophosphate + D_Fructose_6_phosphate		
standard Gibbs energy of reaction	CSN_R00351	R00351	-38.43614	-38.436142	Acetyl_CoA + Oxaloacetate <=> CoA + Citrate		
standard Gibbs energy of reaction	ACN_R01325	R01325	8.3203188	8.3203188	Citrate <=> cis_Aconitate		
standard Gibbs energy of reaction	ACN_R01900	R01900	-0.68653834	-0.68653834	cis_Aconitate <=> Isocitrate		
standard Gibbs energy of reaction	ICD_R00709	R00709	-11.421378	-11.421378	NADplus + Isocitrate <=> NADH + _2_Oxoglutarate + CO2		
standard Gibbs energy of reaction	KGD_R08549	R08549	-28.348586	-28.348586	NADplus + _2_Oxoglutarate + CoA <=> NADH + CO2 + Succinyl_CoA		
standard Gibbs energy of reaction	SCS_R00405	R00405	1.3379814	1.3379814	Orthophosphate + ADP + Succinyl_CoA <=> ATP + CoA + Succinate		
standard Gibbs energy of reaction	SDH_R02164	R02164	-21.576753	-21.576753	Ubiquinone + Succinate <=> Fumarate + Ubiquinol		
standard Gibbs energy of reaction	FUM_R01082	R01082	-3.4457364	-3.4457364	Fumarate <=> _S__Malate		
standard Gibbs energy of reaction	MDH_R00342	R00342	26.896024	26.896024	_S__Malate + NADplus <=> NADH + Oxaloacetate		
standard Gibbs energy of reaction	PPC_R00345	R00345	34.248055	36.7	Orthophosphate + Oxaloacetate <=> CO2 + Phosphoenolpyruvate		
%							
!!SBtab DocumentName='E. coli central carbon metabolism - balanced parameters' TableName='ConcentrationConstraint' TableType='Quantity' Unit='mM' SBtabVersion='1.0'							
!QuantityType	!Compound	!Compound:Identifiers:kegg.compound	!Concentration:Min	!Concentration:Max			
concentration	_S__Malate	C00149	0.001	10			
concentration	Acetyl_CoA	C00024	0.001	10			
concentration	Fumarate	C00122	0.001	10			
concentration	cis_Aconitate	C00417	0.001	10			
concentration	_6_Phospho_D_gluconate	C00345	0.001	10			
concentration	Orthophosphate	C00009	10	10			
concentration	Pyruvate	C00022	0.001	10			
concentration	NADPplus	C00006	0.1	0.1			
concentration	NADPH	C00005	0.11389157	0.11389157			
concentration	NADH	C00004	0.02741513	0.02741513			
concentration	NADplus	C00003	1	1			
concentration	ATP	C00002	3.4491395	3.4491395			
concentration	H2O	C00001	1	1			
concentration	_2_Oxoglutarate	C00026	0.001	10			
concentration	Oxaloacetate	C00036	0.001	10			
concentration	Ubiquinone	C00399	0.1	0.1			
concentration	D_Erythrose_4_phosphate	C00279	0.001	10			
concentration	Ubiquinol	C00390	0.1	0.1			
concentration	ADP	C00008	0.60461237	0.60461237			
concentration	Isocitrate	C00311	0.001	10			
concentration	D_Ribulose_5_phosphate	C00199	0.001	10			
concentration	D_Xylulose_5_phosphate	C00231	0.001	10			
concentration	D_Glucose_6_phosphate	C00092	0.001	10			
concentration	_3_Phospho_D_glyceroyl_phosphate	C00236	0.001	10			
concentration	CoA	C00010	1	1			
concentration	CO2	C00011	0.01	0.01			
concentration	D_Ribose_5_phosphate	C00117	0.001	10			
concentration	Glycerone_phosphate	C00111	0.001	10			
concentration	D_Glucose	C00031	12	12			
concentration	D_Fructose_1_6_bisphosphate	C00354	0.001	10			
concentration	D_Glyceraldehyde_3_phosphate	C00118	0.001	10			
concentration	Phosphoenolpyruvate	C00074	0.001	10			
concentration	Citrate	C00158	0.001	10			
concentration	Succinyl_CoA	C00091	0.001	10			
concentration	_3_Phospho_D_glycerate	C00197	0.001	10			
concentration	D_Glucono_1_5_lactone_6_phosphate	C01236	0.001	10			
concentration	D_Fructose_6_phosphate	C00085	0.001	10			
concentration	_2_Phospho_D_glycerate	C00631	0.001	10			
concentration	Succinate	C00042	0.001	10			
concentration	Sedoheptulose_7_phosphate	C05382	0.001	10			
%							
!!SBtab DocumentName='E. coli central carbon metabolism - balanced parameters' TableName='EnzymeCostWeight' TableType='Quantity' Unit='ArbitraryUnits' SBtabVersion='1.0'							
!QuantityType	!Reaction	!Reaction:Identifiers:kegg.reaction	!Value				
enzyme cost weight	PTS_RPTSsy	RPTSsy	1.2491113				
enzyme cost weight	PGI_R02740	R02740	1.2955694				
enzyme cost weight	PFK_R04779	R04779	0.71548508				
enzyme cost weight	ALD_R01070	R01070	1.0628853				
enzyme cost weight	TIM_R01015	R01015	0.53936283				
enzyme cost weight	GAP_R01061	R01061	0.72266321				
enzyme cost weight	PGK_R01512	R01512	0.82214409				
enzyme cost weight	PGM_R01518	R01518	0.58700924				
enzyme cost weight	PGH_R00658	R00658	0.91068733				
enzyme cost weight	PYK_R00200	R00200	1				
enzyme cost weight	PDH_R00209	R00209	2.0415396				
enzyme cost weight	ZWF_R00835	R00835	1.1355955				
enzyme cost weight	GLH_R02035	R02035	0.73865573				
enzyme cost weight	PGD_R01528	R01528	1.0490587				
enzyme cost weight	RPI_R01056	R01056	0.46277989				
enzyme cost weight	RPE_R01529	R01529	0.50280989				
enzyme cost weight	TXT_R01641	R01641	1.5137767				
enzyme cost weight	TAL_R08575	R08575	0.70310598				
enzyme cost weight	TXT_R01067	R01067	1.5137767				
enzyme cost weight	FBP_R00762	R00762	NaN				
enzyme cost weight	CSN_R00351	R00351	1.0058438				
enzyme cost weight	ACN_R01325	R01325	1.8932241				
enzyme cost weight	ACN_R01900	R01900	1.8932241				
enzyme cost weight	ICD_R00709	R00709	0.94526312				
enzyme cost weight	KGD_R08549	R08549	0.85451871				
enzyme cost weight	SCS_R00405	R00405	0.82884497				
enzyme cost weight	SDH_R02164	R02164	1.2922092				
enzyme cost weight	FUM_R01082	R01082	1.2217818				
enzyme cost weight	MDH_R00342	R00342	0.64118123				
enzyme cost weight	PPC_R00345	R00345	1.9865788				
